,country,density,abbreviation,capitalmajorcity,currencycode,largestcity,officiallanguage,longitude,latitude,continent,urbanpopulation,unemploymentrate,totaltaxrate,population,minimumwage,maternalmortalityratio,gdp,cpichange,cpi,co2emissions,physiciansperthousand,outofpockethealthexpenditure,lifeexpectancy,infantmortality,grosstertiaryeducationenrollment,gasolineprice,fertilityrate,callingcode,birthrate,armedforcessize,landarea,agriculturalland,taxrevenue,populationlaborforceparticipation,forestedarea
0,Afghanistan,60.0,AF,Kabul,AFN,Kabul,Pashto,67.709953,33.93911,Asia,9797273.0,11.12,71.4,38041754.0,0.43,638.0,19101353833.0,2.3,149.9,8672.0,0.28,78.4,64.5,47.9,9.7,0.7,4.47,93.0,32.49,323000.0,652230.0,58.1,9.3,48.9,2.1
1,Albania,105.0,AL,Tirana,ALL,Tirana,Albanian,20.168331,41.153332,Europa,1747593.0,12.33,36.6,2854191.0,1.12,15.0,15278077447.0,1.4,119.05,4536.0,1.2,56.9,78.5,7.8,55.0,1.36,1.62,355.0,11.78,9000.0,28748.0,43.1,18.6,55.7,28.1
2,Algeria,18.0,DZ,Algiers,DZD,Algiers,Arabic,1.659626,28.033886,África,31510100.0,11.7,66.1,43053054.0,0.95,112.0,169988236398.0,2.0,151.36,150006.0,1.72,28.1,76.7,20.1,51.4,0.28,3.02,213.0,24.28,317000.0,2381741.0,17.4,37.2,41.2,0.8
3,Andorra,164.0,AD,Andorra la Vella,EUR,Andorra la Vella,Catalan,1.521801,42.506285,Europa,67873.0,5.36,37.2,77142.0,6.63,53.0,3154057987.0,2.3,125.08,469.0,3.33,36.4,73.30000000000001,2.7,31.25,1.51,1.27,376.0,7.2,31000.0,468.0,40.0,16.585714285714285,62.766285714285715,34.0
4,Angola,26.0,AO,Luanda,AOA,Luanda,Portuguese,17.873887,-11.202692,África,21061025.0,6.89,49.1,31825295.0,0.71,241.0,94635415870.0,17.1,261.73,34693.0,0.21,33.4,60.8,51.6,9.3,0.97,5.52,244.0,40.73,117000.0,1246700.0,47.5,9.2,77.5,46.3
5,Antigua and Barbuda,223.0,AG,"St. John's, Saint John",XCD,"St. John's, Saint John",English,-61.796428,17.060816,América,23800.0,5.36,43.0,97118.0,3.04,42.0,1727759259.0,1.2,113.81,557.0,2.76,24.3,76.9,5.0,24.8,0.99,1.99,1.0,15.33,0.0,443.0,20.5,16.5,62.766285714285715,22.3
6,Argentina,17.0,AR,Buenos Aires,ARS,Buenos Aires,Spanish,-63.616672,-38.416097,América,41339571.0,9.79,106.3,44938712.0,3.35,39.0,449663446954.0,53.5,232.75,201348.0,3.96,17.6,76.5,8.8,90.0,1.1,2.26,54.0,17.02,105000.0,2780400.0,54.3,10.1,61.3,9.8
7,Armenia,104.0,AM,Yerevan,AMD,Yerevan,Armenian,45.038189,40.069099,Europa,1869848.0,16.99,22.6,2957731.0,0.66,26.0,13672802158.0,1.4,129.18,5156.0,4.4,81.6,74.9,11.0,54.6,0.77,1.76,374.0,13.99,49000.0,29743.0,58.9,20.9,55.6,11.7
8,Australia,3.0,AU,Canberra,AUD,Sydney,Unkown,133.775136,-25.274398,Oceanía,21844756.0,5.27,47.4,25766605.0,13.59,6.0,1392680589329.0,1.6,119.8,375908.0,3.68,19.6,82.7,3.1,113.1,0.93,1.74,61.0,12.6,58000.0,7741220.0,48.2,23.0,65.5,16.3
9,Austria,109.0,AT,Vienna,EUR,Vienna,German,14.550072,47.516231,Europa,5194416.0,4.67,51.4,8877067.0,1.045,5.0,446314739528.0,1.5,118.06,61448.0,5.17,17.9,81.6,2.9,85.1,1.2,1.47,43.0,9.7,21000.0,83871.0,32.4,25.4,60.7,46.9
10,Azerbaijan,123.0,AZ,Baku,AZN,Baku,Azerbaijani language,47.576927,40.143105,Europa,5616165.0,5.51,40.7,10023318.0,0.47,26.0,39207000000.0,2.6,156.32,37620.0,3.45,78.6,72.9,19.2,27.7,0.56,1.73,994.0,14.0,82000.0,86600.0,57.7,13.0,66.5,14.1
11,The Bahamas,39.0,BS,"Nassau, Bahamas",Unkown,"Nassau, Bahamas",English,-77.39628,25.03428,América,323784.0,10.36,33.8,389482.0,5.25,70.0,12827000000.0,2.5,116.22,1786.0,1.94,27.8,73.8,8.3,15.1,0.92,1.75,1.0,13.97,1000.0,13880.0,1.4,14.8,74.6,51.4
12,Bahrain,2.239,BH,Manama,BHD,Riffa,Arabic,50.5577,26.0667,Asia,1467109.0,0.71,13.8,1501635.0,1.045,14.0,38574069149.0,2.1,117.59,31694.0,0.93,25.1,77.2,6.1,50.5,0.43,1.99,973.0,13.99,19000.0,765.0,11.1,4.2,73.4,0.8
13,Bangladesh,1.265,BD,Dhaka,BDT,Dhaka,Bengali,90.356331,23.684994,Asia,60987417.0,4.19,33.4,167310838.0,0.51,173.0,302571254131.0,5.6,179.68,84246.0,0.58,71.8,72.3,25.1,20.6,1.12,2.04,880.0,18.18,221000.0,148460.0,70.6,8.8,59.0,11.0
14,Barbados,668.0,BB,Bridgetown,BBD,Bridgetown,English,-59.543198,13.193887,América,89431.0,10.33,35.6,287025.0,3.13,27.0,5209000000.0,4.1,134.09,1276.0,2.48,45.2,79.1,11.3,65.4,1.81,1.62,1.0,10.65,1000.0,430.0,23.3,27.5,65.2,14.7
15,Belarus,47.0,BY,Minsk,BYN,Minsk,Russian,27.953389,53.709807,Europa,7482982.0,4.59,53.3,9466856.0,1.49,2.0,63080457023.0,5.6,125.08,58280.0,5.19,34.5,74.2,2.6,87.4,0.6,1.45,375.0,9.9,155000.0,207600.0,42.0,14.7,64.1,42.6
16,Belgium,383.0,BE,City of Brussels,EUR,Brussels,French,4.469936,50.503887,Europa,11259082.0,5.59,55.4,11484055.0,10.31,5.0,529606710418.0,1.4,117.11,96889.0,3.07,17.6,81.6,2.9,79.7,1.43,1.62,32.0,10.3,32000.0,30528.0,44.6,24.0,53.6,22.6
17,Belize,17.0,BZ,Belmopan,BZD,Belize City,English,-88.49765,17.189877,América,179039.0,6.41,31.1,390353.0,1.65,36.0,1879613600.0,-0.9,105.68,568.0,1.12,22.7,74.5,11.2,24.7,1.13,2.31,501.0,20.79,2000.0,22966.0,7.0,26.3,65.1,59.7
18,Benin,108.0,BJ,Porto-Novo,XOF,Cotonou,French,2.315834,9.30769,África,5648149.0,2.23,48.9,11801151.0,0.39,397.0,14390709095.0,-0.9,110.71,6476.0,0.08,40.5,61.5,60.5,12.3,0.72,4.84,229.0,36.22,12000.0,112622.0,33.3,10.8,70.9,37.8
19,Bhutan,20.0,BT,Thimphu,Unkown,Thimphu,Dzongkha,90.433601,27.514162,Asia,317538.0,2.34,35.3,727145.0,0.32,183.0,2446674101.0,2.7,167.18,1261.0,0.42,19.8,71.5,24.8,15.6,0.98,1.98,975.0,17.26,6000.0,38394.0,13.6,16.0,66.7,72.5
20,Bolivia,11.0,BO,Sucre,BOB,Santa Cruz de la Sierra,Spanish,-63.588653,-16.290154,América,8033035.0,3.5,83.7,11513100.0,1.36,155.0,40895322865.0,1.8,148.32,21606.0,1.59,25.9,71.2,21.8,31.25,0.71,2.73,591.0,21.75,71000.0,1098581.0,34.8,17.0,71.8,50.3
21,Bosnia and Herzegovina,64.0,BA,Sarajevo,BAM,Tuzla Canton,Bosnian,17.679076,43.915886,Europa,1605144.0,18.42,23.7,3301000.0,1.04,10.0,20047848435.0,0.6,104.9,21848.0,2.16,28.6,77.3,5.0,23.3,1.05,1.27,387.0,8.11,11000.0,51197.0,43.1,20.4,46.4,42.7
22,Botswana,4.0,BW,Gaborone,BWP,Gaborone,English,24.684866,-22.328474,África,1616550.0,18.19,25.1,2346179.0,0.29,144.0,18340510789.0,2.8,149.75,6340.0,0.37,5.3,69.3,30.0,24.9,0.71,2.87,267.0,24.82,9000.0,581730.0,45.6,19.5,70.8,18.9
23,Brazil,25.0,BR,Bras���,BRL,S����,Portuguese,-51.92528,-14.235004,América,183241641.0,12.08,65.1,212559417.0,1.53,60.0,1839758040766.0,3.7,167.4,462299.0,2.15,28.3,75.7,12.8,51.3,1.02,1.73,55.0,13.92,730000.0,8515770.0,33.9,14.2,63.9,58.9
24,Brunei,83.0,BN,Bandar Seri Begawan,BND,Unkown,Malay,114.727669,4.535277,Asia,337711.0,9.12,8.0,433285.0,1.045,31.0,13469422941.0,-0.4,99.03,7664.0,1.61,6.0,75.7,9.8,31.4,0.37,1.85,673.0,14.9,8000.0,5765.0,2.7,16.585714285714285,64.7,72.1
25,Bulgaria,64.0,BG,Sofia,BGN,Sofia,Bulgarian,25.48583,42.733883,Europa,5256027.0,4.34,28.3,6975761.0,1.57,10.0,86000000000.0,3.1,114.42,41708.0,4.03,47.7,74.9,5.9,71.0,1.11,1.56,359.0,8.9,31000.0,110879.0,46.3,20.2,55.4,35.4
26,Burkina Faso,76.0,BF,Ouagadougou,XOF,Ouagadougou,French,-1.561593,12.238333,África,6092349.0,6.26,41.3,20321378.0,0.34,320.0,15745810235.0,-3.2,106.58,3418.0,0.08,36.1,61.2,49.0,6.5,0.98,5.19,226.0,37.93,11000.0,274200.0,44.2,15.0,66.4,19.3
27,Burundi,463.0,BI,Bujumbura,BIF,Bujumbura,Kirundi,29.918886,-3.373056,África,1541177.0,1.43,41.2,11530580.0,1.045,548.0,3012334882.0,-0.7,182.11,495.0,0.1,19.1,61.2,41.0,6.1,1.21,5.41,257.0,39.01,31000.0,27830.0,79.2,13.6,79.2,10.9
28,Ivory Coast,83.0,CI,Yamoussoukro,XOF,Abidjan,French,-5.54708,7.539989,África,13176900.0,3.32,50.1,25716544.0,0.36,617.0,58792205642.0,-0.9,111.61,9674.0,0.23,36.0,57.4,59.4,9.3,0.93,4.65,225.0,35.74,27000.0,322463.0,64.8,11.8,57.0,32.7
29,Cape Verde,138.0,CV,Praia,CVE,Praia,Portuguese,-23.0418,16.5388,África,364029.0,12.25,37.5,483628.0,0.68,58.0,1981845741.0,1.1,110.5,543.0,0.77,23.2,72.8,16.7,23.6,1.02,2.27,238.0,19.49,1000.0,4033.0,19.6,20.1,60.5,22.5
30,Cambodia,95.0,KH,Phnom Penh,Unkown,Phnom Penh,Khmer language,104.990963,12.565679,Asia,3924621.0,0.68,23.1,16486542.0,1.045,160.0,27089389787.0,2.5,127.63,9919.0,0.17,59.4,69.6,24.0,13.7,0.9,2.5,855.0,22.46,191000.0,181035.0,30.9,17.1,82.3,52.9
31,Cameroon,56.0,CM,Yaound�,XAF,Douala,French,12.354722,7.369722,África,14741256.0,3.38,57.7,25876380.0,0.35,529.0,38760467033.0,2.5,118.65,8291.0,0.09,69.7,58.9,50.6,12.8,1.03,4.57,237.0,35.39,24000.0,475440.0,20.6,12.8,76.1,39.3
32,Canada,4.0,CA,Ottawa,CAD,Toronto,French,-106.346771,56.130366,América,30628482.0,5.56,24.5,36991981.0,9.51,10.0,1736425629520.0,1.9,116.76,544894.0,2.61,14.6,81.9,4.3,68.9,0.81,1.5,1.0,10.1,72000.0,9984670.0,6.9,12.8,65.1,38.2
33,Central African Republic,8.0,CF,Bangui,Unkown,Bangui,French,20.939444,6.611111,África,1982064.0,3.68,73.3,4745185.0,0.37,829.0,2220307369.0,37.1,186.86,297.0,0.06,39.6,52.8,84.5,3.0,1.41,4.72,236.0,35.35,8000.0,622984.0,8.2,8.6,72.0,35.6
34,Chad,13.0,TD,N'Djamena,XAF,N'Djamena,French,18.732207,15.454166,África,3712273.0,1.89,63.5,15946876.0,0.6,1140.0,11314951343.0,-1.0,117.7,1016.0,0.04,56.4,54.0,71.4,3.3,0.78,5.75,235.0,42.17,35000.0,1284000.0,39.7,16.585714285714285,70.7,3.8
35,Chile,26.0,CL,Santiago,CLP,Santiago,Spanish,-71.542969,-35.675147,América,16610135.0,7.09,34.0,18952038.0,2.0,13.0,282318159745.0,2.6,131.91,85822.0,2.59,32.2,80.0,6.2,88.5,1.03,1.65,56.0,12.43,122000.0,756096.0,21.2,18.2,62.6,24.3
36,China,153.0,CN,Beijing,CNY,Shanghai,Standard Chinese,104.195397,35.86166,Asia,842933962.0,4.32,59.2,1397715000.0,0.87,29.0,19910000000000.0,2.9,125.08,9893038.0,1.98,32.4,77.0,7.4,50.6,0.96,1.69,86.0,10.9,2695000.0,9596960.0,56.2,9.4,68.0,22.4
37,Colombia,46.0,CO,Bogot�,COP,Bogot�,Spanish,-74.297333,4.570868,América,40827302.0,9.71,71.2,50339443.0,1.23,83.0,323802808108.0,3.5,140.95,97814.0,2.18,18.3,77.1,12.2,55.3,0.68,1.81,57.0,14.88,481000.0,1138910.0,40.3,14.4,68.8,52.7
38,Comoros,467.0,KM,"Moroni, Comoros",KMF,"Moroni, Comoros",French,43.3333,-11.6455,África,248152.0,4.34,219.6,850886.0,0.71,273.0,1185728677.0,-4.3,103.62,202.0,0.27,74.8,64.1,51.3,9.0,0.98,4.21,269.0,31.88,31000.0,2235.0,71.5,16.585714285714285,43.3,19.7
39,Republic of the Congo,16.0,Unkown,Brazzaville,XAF,Brazzaville,French,15.827659,-0.228021,África,3625010.0,9.47,54.3,5380508.0,0.88,378.0,10820591131.0,2.2,124.74,3282.0,0.12,43.8,64.3,36.2,12.7,0.97,4.43,242.0,32.86,12000.0,342000.0,31.1,9.0,69.4,65.4
40,Costa Rica,100.0,CR,San Jos������,CRC,San Jos������,Spanish,-83.753428,9.748917,América,4041885.0,11.85,58.3,5047561.0,1.84,27.0,61773944174.0,2.1,128.85,8023.0,2.89,21.5,80.1,7.6,55.2,0.98,1.75,506.0,13.97,10000.0,51100.0,34.5,13.6,62.1,54.6
41,Croatia,73.0,HR,Zagreb,HRK,Zagreb,Croatian,15.2,45.1,Europa,2328318.0,6.93,20.5,4067500.0,2.92,8.0,60415553039.0,0.8,109.82,17488.0,3.0,15.2,78.1,4.0,67.9,1.26,1.47,385.0,9.0,18000.0,56594.0,27.6,22.0,51.2,34.4
42,Cuba,106.0,CU,Havana,CUP,Havana,Spanish,-77.781167,21.521757,América,8739135.0,1.64,37.2,11333483.0,0.05,36.0,100023000000.0,2.3,125.08,28284.0,8.42,30.9,78.7,3.7,41.4,1.4,1.62,53.0,10.17,76000.0,110860.0,59.9,16.585714285714285,53.6,31.3
43,Cyprus,131.0,CY,Nicosia,EUR,Statos�������,Greek,33.429859,35.126413,Europa,800708.0,7.27,22.4,1198575.0,1.045,6.0,24564647935.0,0.3,102.51,6626.0,1.95,43.9,80.8,1.9,75.9,1.23,1.33,357.0,10.46,16000.0,9251.0,12.2,24.5,63.1,18.7
44,Czech Republic,139.0,CZ,Prague,CZK,Prague,Czech,15.472962,49.817492,Europa,7887156.0,1.93,46.1,10669709.0,3.0,3.0,246489245495.0,2.8,116.48,102218.0,4.12,14.8,79.0,2.7,64.1,1.17,1.69,420.0,10.7,23000.0,78867.0,45.2,14.9,60.6,34.6
45,Democratic Republic of the Congo,40.0,CD,Kinshasa,CDF,Kinshasa,French,21.758664,-4.038333,África,39095679.0,4.24,50.7,86790567.0,0.18,473.0,47319624204.0,2.9,133.85,2021.0,0.07,37.4,60.4,68.2,6.6,1.49,5.92,243.0,41.18,134000.0,2344858.0,11.6,10.7,63.5,67.2
46,Denmark,137.0,DK,Copenhagen,DKK,Copenhagen,Danish,9.501785,56.26392,Europa,5119978.0,4.91,23.8,5818553.0,1.045,4.0,348078018464.0,0.8,110.35,31786.0,4.01,13.7,81.0,3.6,80.6,1.55,1.73,45.0,10.6,15000.0,43094.0,62.0,32.4,62.2,14.7
47,Djibouti,43.0,DJ,Djibouti City,DJF,Djibouti City,French,42.590275,11.825138,África,758549.0,10.3,37.9,973560.0,1.045,248.0,3318716359.0,3.3,120.25,620.0,0.22,20.4,66.6,49.8,5.3,1.32,2.73,253.0,21.47,13000.0,23200.0,73.4,16.585714285714285,60.2,0.2
48,Dominica,96.0,DM,Roseau,XCD,Roseau,English,-61.370976,15.414999,América,50830.0,5.36,32.6,71808.0,1.48,53.0,596033333.0,1.0,103.87,180.0,1.08,28.4,76.6,32.9,7.2,0.98,1.9,1.0,12.0,31000.0,751.0,33.3,22.1,62.766285714285715,57.4
49,Dominican Republic,225.0,DO,Santo Domingo,DOP,Santo Domingo,Spanish,-70.162651,18.735693,América,8787475.0,5.84,48.8,10738958.0,0.4,95.0,88941298258.0,1.8,135.5,25258.0,1.56,43.7,73.9,24.1,59.9,1.07,2.35,1.0,19.51,71000.0,48670.0,48.7,13.0,64.3,41.7
50,Ecuador,71.0,EC,Quito,USD,Quito,Spanish,-78.183406,-1.831239,América,11116711.0,3.97,34.4,17373662.0,2.46,59.0,107435665000.0,0.3,124.14,41155.0,2.04,43.7,76.8,12.2,44.9,0.61,2.43,593.0,19.72,41000.0,283561.0,22.2,16.585714285714285,68.0,50.2
51,Egypt,103.0,EG,Cairo,EGP,Cairo,Modern Standard Arabic,30.802498,26.820553,África,42895824.0,10.76,44.4,100388073.0,1.045,37.0,303175127598.0,9.2,288.57,238560.0,0.45,62.0,71.8,18.1,35.2,0.4,3.33,20.0,26.38,836000.0,1001450.0,3.8,12.5,46.4,0.1
52,El Salvador,313.0,SV,San Salvador,Unkown,San Salvador,Spanish,-88.89653,13.794185,América,4694702.0,4.11,36.4,6453553.0,0.5,46.0,27022640000.0,0.1,111.23,7169.0,1.57,27.9,73.1,11.8,29.4,0.83,2.04,503.0,18.25,42000.0,21041.0,76.4,18.1,59.1,12.6
53,Equatorial Guinea,50.0,GQ,Malabo,XAF,Malabo,Spanish,10.267895,1.650801,África,984812.0,6.43,79.4,1355986.0,1.05,301.0,11026774945.0,1.2,124.35,5655.0,0.4,72.0,58.4,62.6,1.9,0.98,4.51,240.0,33.24,1000.0,28051.0,10.1,6.1,62.0,55.5
54,Eritrea,35.0,ER,Asmara,ERN,Asmara,Tigrinya,39.782334,15.179384,África,1149670.0,5.14,83.7,6333135.0,1.045,480.0,2065001626.0,2.3,125.08,711.0,0.06,52.4,65.9,31.3,3.4,2.0,4.06,291.0,30.3,202000.0,117600.0,75.2,16.585714285714285,78.4,14.9
55,Estonia,31.0,EE,Tallinn,EUR,Tallinn,Estonian,25.013607,58.595272,Europa,916024.0,5.11,47.8,1331824.0,3.14,9.0,31386949981.0,2.3,122.14,16590.0,4.48,22.8,78.2,2.1,69.6,1.14,1.59,372.0,10.9,6000.0,45228.0,23.1,20.9,63.6,51.3
56,Eswatini,67.0,Unkown,Mbabane,Unkown,Mbabane,English,31.465866,-26.522503,África,4694702.0,5.36,37.2,1093238.0,1.045,53.0,3791304348.0,2.3,125.08,12633.0,1.51,11.3,73.30000000000001,13.95,31.25,0.98,2.24,268.0,17.915,31000.0,17364.0,39.5,28.6,62.766285714285715,31.88823529411765
57,Ethiopia,115.0,ET,Addis Ababa,ETB,Addis Ababa,Amharic,40.489673,9.145,África,23788710.0,2.08,37.7,112078730.0,1.045,401.0,96107662398.0,15.8,143.86,14870.0,0.08,37.8,66.2,39.1,8.1,0.75,4.25,251.0,32.34,138000.0,1104300.0,36.3,7.5,79.6,12.5
58,Fiji,49.0,FJ,Suva,FJD,Suva,Fiji Hindi,178.065032,-17.713371,Oceanía,505048.0,4.1,32.1,889953.0,1.28,34.0,5535548972.0,1.8,132.3,2046.0,0.84,21.4,67.3,21.6,16.1,0.82,2.77,679.0,21.28,4000.0,18274.0,23.3,24.2,57.6,55.9
59,Finland,18.0,FI,Helsinki,EUR,Helsinki,Swedish,25.748151,61.92411,Europa,4716888.0,6.59,36.6,5520314.0,1.045,3.0,268761201365.0,1.0,112.33,45871.0,3.81,19.9,81.7,1.4,88.2,1.45,1.41,358.0,8.6,25000.0,338145.0,7.5,20.8,59.1,73.1
60,France,119.0,FR,Paris,EUR,Paris,French,2.213749,46.227638,Europa,54123364.0,8.43,60.7,67059887.0,11.16,8.0,2715518274227.0,1.1,110.05,303276.0,3.27,6.8,82.5,3.4,65.6,1.39,1.88,33.0,11.3,307000.0,643801.0,52.4,24.2,55.1,31.2
61,Gabon,9.0,GA,Libreville,XAF,Libreville,French,11.609444,-0.803689,África,1949694.0,20.0,47.1,2172579.0,1.46,252.0,16657960228.0,2.1,122.19,5321.0,0.68,25.9,66.2,32.7,8.3,0.92,3.97,241.0,31.61,7000.0,267667.0,20.0,10.2,52.9,90.0
62,The Gambia,239.0,GM,Banjul,GMD,Serekunda,English,-15.310139,13.443182,África,1453958.0,9.06,48.4,2347706.0,0.13,597.0,1763819048.0,7.1,172.73,532.0,0.1,20.3,61.7,39.0,2.7,1.18,5.22,220.0,38.54,1000.0,11300.0,59.8,9.4,59.4,48.4
63,Georgia,57.0,GE,Tbilisi,GEL,Tbilisi,Georgian,43.356892,42.315407,Europa,2196476.0,14.4,9.9,3720382.0,0.05,25.0,17743195770.0,4.9,133.61,10128.0,7.12,57.3,73.6,8.7,63.9,0.76,2.06,995.0,13.47,26000.0,69700.0,34.5,21.7,68.3,40.6
64,Germany,240.0,DE,Berlin,EUR,Berlin,German,10.451526,51.165691,Europa,64324835.0,3.04,48.8,83132799.0,9.99,7.0,3845630030824.0,1.4,112.85,727973.0,4.25,12.5,80.9,3.1,70.2,1.39,1.56,49.0,9.5,180000.0,357022.0,47.7,11.5,60.8,32.7
65,Ghana,137.0,GH,Accra,GHS,Accra,English,-1.023194,7.946527,África,17249054.0,4.33,55.4,30792608.0,0.27,308.0,66983634224.0,7.2,268.36,16670.0,0.14,36.1,63.8,34.9,15.7,0.92,3.87,233.0,29.41,16000.0,238533.0,69.0,12.6,67.8,41.2
66,Greece,81.0,GR,Athens,EUR,Macedonia,Greek,21.824312,39.074208,Europa,8507474.0,17.24,51.9,10716322.0,4.46,3.0,209852761469.0,0.2,101.87,62434.0,5.48,35.5,81.3,3.6,136.6,1.54,1.35,30.0,8.1,146000.0,131957.0,47.6,26.2,51.8,31.7
67,Grenada,331.0,GD,"St. George's, Grenada",XCD,"St. George's, Grenada",English,-61.679,12.1165,América,40765.0,5.36,47.8,112003.0,1.045,25.0,1228170370.0,0.8,107.43,268.0,1.41,57.0,72.4,13.7,104.6,1.12,2.06,1.0,16.47,31000.0,349.0,23.5,19.4,62.766285714285715,50.0
68,Guatemala,167.0,GT,Guatemala City,GTQ,Guatemala City,Spanish,-90.230759,15.783471,América,8540945.0,2.46,35.2,16604026.0,1.6,95.0,76710385880.0,3.7,142.92,16777.0,0.35,55.8,74.1,22.1,21.8,0.79,2.87,502.0,24.56,43000.0,108889.0,36.0,10.6,62.3,32.7
69,Guinea,53.0,GN,Conakry,GNF,Kankan,French,-9.696645,9.945587,África,4661505.0,4.3,69.3,12771246.0,1.045,576.0,13590281809.0,9.5,262.95,2996.0,0.08,54.5,61.2,64.9,11.6,0.9,4.7,224.0,36.36,13000.0,245857.0,59.0,10.8,61.5,25.8
70,Guinea-Bissau,70.0,GW,Bissau,XOF,Bissau,Portuguese,-15.180413,11.803749,África,840922.0,2.47,45.5,1920922.0,0.16,667.0,1340389411.0,1.4,111.65,293.0,0.13,37.2,58.0,54.0,2.6,0.98,4.48,245.0,35.13,4000.0,36125.0,58.0,10.3,72.0,69.8
71,Guyana,4.0,GY,"Georgetown, Guyana",GYD,"Georgetown, Guyana",English,-58.93018,4.860416,América,208912.0,11.85,30.6,782766.0,0.98,169.0,4280443645.0,2.1,116.19,2384.0,0.8,40.5,69.8,25.1,11.6,0.9,2.46,592.0,19.97,3000.0,214969.0,8.6,16.585714285714285,56.2,83.9
72,Haiti,414.0,HT,Port-au-Prince,HTG,Port-au-Prince,French,-72.285215,18.971187,América,6328948.0,13.78,42.7,11263077.0,0.25,480.0,8498981821.0,12.5,179.29,2978.0,0.23,36.3,63.7,49.5,1.1,0.81,2.94,509.0,24.35,0.0,27750.0,66.8,16.585714285714285,67.2,3.5
73,Vatican City,2.003,Unkown,Vatican City,EUR,Unkown,Italian,12.453389,41.902916,Europa,4694702.0,5.36,37.2,836.0,1.045,53.0,36266259213.0,2.3,125.08,12633.0,1.51,30.9,73.30000000000001,13.95,31.25,0.98,2.24,379.0,17.915,31000.0,0.0,39.5,16.585714285714285,62.766285714285715,31.88823529411765
74,Honduras,89.0,HN,Tegucigalpa,HNL,Tegucigalpa,Spanish,-86.241905,15.199999,América,5626433.0,5.39,39.1,9746117.0,1.01,65.0,25095395475.0,4.4,150.34,9813.0,0.31,49.1,75.1,15.1,26.2,0.98,2.46,504.0,21.6,23000.0,112090.0,28.9,17.3,68.8,40.0
75,Hungary,107.0,HU,Budapest,HUF,Budapest,Hungarian,19.503304,47.162494,Europa,6999582.0,3.4,37.9,9769949.0,2.62,12.0,160967157504.0,3.3,121.64,45537.0,3.41,29.0,75.8,3.6,48.5,1.18,1.54,36.0,9.6,40000.0,93028.0,58.4,23.0,56.5,22.9
76,Iceland,3.0,IS,Reykjav��,ISK,Reykjav��,Icelandic,-19.020835,64.963051,Europa,339110.0,2.84,31.9,361313.0,1.045,4.0,24188035739.0,3.0,129.0,2065.0,4.08,17.0,82.7,1.5,71.8,1.69,1.71,354.0,12.0,0.0,103000.0,18.7,23.3,75.0,0.5
77,India,464.0,IN,New Delhi,INR,Kurebhar,Hindi,78.96288,20.593684,Asia,471031528.0,5.36,49.7,1366417754.0,0.3,145.0,2611000000000.0,7.7,180.44,2407672.0,0.86,65.1,69.4,29.9,28.1,0.97,2.22,91.0,17.86,3031000.0,3287263.0,60.4,11.2,49.3,23.8
78,Indonesia,151.0,ID,Jakarta,IDR,Kalimantan,Indonesian,113.921327,-0.789275,Asia,151509724.0,4.69,30.1,270203917.0,0.48,177.0,1119190780753.0,3.0,151.18,563325.0,0.43,48.3,71.5,21.1,36.3,0.63,2.31,62.0,18.07,676000.0,1904569.0,31.5,10.2,67.5,49.9
79,Iran,52.0,IR,Tehran,IRR,Tehran,Persian,53.688046,32.427908,Asia,62509623.0,11.38,44.7,82913906.0,1.58,16.0,445345282123.0,39.9,550.93,661710.0,1.58,39.7,76.5,12.4,68.1,0.4,2.14,98.0,18.78,563000.0,1648195.0,28.2,7.4,44.7,6.6
80,Iraq,93.0,IQ,Baghdad,IQD,Baghdad,Arabic,43.679291,33.223191,Asia,27783368.0,12.82,30.8,39309783.0,1.24,79.0,234094042939.0,0.4,119.86,190061.0,0.71,76.5,70.5,22.5,16.2,0.61,3.67,964.0,29.08,209000.0,438317.0,21.4,2.0,43.0,1.9
81,Republic of Ireland,72.0,Unkown,Dublin,EUR,Connacht,Irish,-8.24389,53.41291,Europa,3133123.0,4.93,26.1,5007069.0,10.79,5.0,388698711348.0,0.9,106.58,37711.0,3.31,15.2,82.3,3.1,77.8,1.37,1.75,353.0,12.5,9000.0,70273.0,64.5,18.3,62.1,11.0
82,Israel,400.0,IL,Jerusalem,ILS,Jerusalem,Hebrew,34.851612,31.046051,Asia,8374393.0,3.86,25.3,9053300.0,7.58,3.0,395098666122.0,0.8,108.15,65166.0,4.62,24.4,82.8,3.0,63.4,1.57,3.09,972.0,20.8,178000.0,20770.0,24.6,23.1,64.0,7.7
83,Italy,206.0,IT,Rome,EUR,Rome,Italian,12.56738,41.87194,Europa,42651966.0,9.89,59.1,60297396.0,1.045,2.0,2001244392042.0,0.6,110.62,320411.0,3.98,22.8,82.9,2.6,61.9,1.61,1.29,39.0,7.3,347000.0,301340.0,43.2,24.3,49.6,31.8
84,Jamaica,273.0,JM,"Kingston, Jamaica",JMD,"Kingston, Jamaica",Jamaican English,-77.297508,18.109581,América,1650594.0,8.0,35.1,2948279.0,1.33,80.0,16458071068.0,3.9,162.47,8225.0,1.31,23.7,74.4,12.4,27.1,1.11,1.98,1876.0,16.1,4000.0,10991.0,41.0,26.8,66.0,30.9
85,Japan,347.0,JP,Tokyo,Unkown,Tokyo,Unkown,138.252924,36.204824,Asia,115782416.0,2.29,46.7,126226568.0,6.77,5.0,5081769542380.0,0.5,105.48,1135886.0,2.41,13.1,84.2,1.8,63.2,1.06,1.42,81.0,7.4,261000.0,377944.0,12.3,11.9,61.7,68.5
86,Jordan,115.0,JO,Amman,JOD,Amman,Arabic,36.238414,30.585164,Asia,9213048.0,14.72,28.6,10101694.0,1.49,46.0,43743661972.0,0.8,125.6,25108.0,2.32,25.1,74.4,13.9,34.4,1.1,2.76,962.0,21.98,116000.0,89342.0,12.0,15.1,39.3,1.1
87,Kazakhstan,7.0,KZ,Astana,KZT,Almaty,Russian,66.923684,48.019573,Asia,10652915.0,4.59,28.4,18513930.0,0.41,10.0,180161741180.0,5.2,182.75,247207.0,3.25,38.8,73.2,8.8,61.7,0.42,2.84,7.0,21.77,71000.0,2724900.0,80.4,11.7,68.8,1.2
88,Kenya,94.0,KE,Nairobi,KES,Nairobi,Swahili,37.906193,-0.023559,África,14461523.0,2.64,37.2,52573973.0,0.25,342.0,95503088538.0,4.7,180.51,17910.0,0.16,33.4,66.3,30.6,11.5,0.95,3.49,254.0,28.75,29000.0,580367.0,48.5,15.1,74.7,7.8
89,Kiribati,147.0,KI,South Tarawa,AUD,South Tarawa,English,-157.376832,1.836898,Oceanía,64489.0,5.36,32.7,117606.0,1.045,92.0,194647202.0,0.6,99.55,66.0,0.2,0.2,68.1,41.2,31.25,0.98,3.57,686.0,27.89,31000.0,811.0,42.0,22.0,62.766285714285715,15.0
90,Kuwait,240.0,KW,Kuwait City,KWD,Kuwait City,Modern Standard Arabic,47.481766,29.31166,Asia,4207083.0,2.18,13.0,4207083.0,0.95,12.0,134761198946.0,1.1,126.6,98734.0,2.58,14.4,75.4,6.7,54.4,0.35,2.08,965.0,13.94,25000.0,17818.0,8.4,1.4,73.5,0.4
91,Kyrgyzstan,34.0,KG,Bishkek,KGS,Bishkek,Russian,74.766098,41.20438,Asia,2362644.0,6.33,29.0,6456900.0,0.09,60.0,8454619608.0,1.1,155.68,9787.0,1.88,48.2,71.4,16.9,41.3,0.56,3.3,996.0,27.1,21000.0,199951.0,55.0,18.0,59.8,3.3
92,Laos,32.0,LA,Vientiane,LAK,Vientiane,Lao,102.495496,19.85627,Asia,2555552.0,0.63,24.1,7169455.0,0.83,185.0,18173839128.0,3.3,135.87,17763.0,0.37,45.4,67.6,37.6,15.0,0.93,2.67,856.0,23.55,129000.0,236800.0,10.3,12.9,78.5,82.1
93,Latvia,30.0,LV,Riga,EUR,Riga,Latvian,24.603189,56.879635,Europa,1304943.0,6.52,38.1,1912789.0,2.8,19.0,34117202555.0,2.8,116.86,7004.0,3.19,41.6,74.7,3.3,88.1,1.16,1.6,371.0,10.0,6000.0,64589.0,31.1,22.9,61.4,54.0
94,Lebanon,667.0,LB,Beirut,LBP,"Tripoli, Lebanon",Arabic,35.862285,33.854721,Asia,6084994.0,6.23,32.2,6855713.0,2.15,29.0,53367042272.0,3.0,130.02,24796.0,2.1,32.1,78.9,6.4,26.3,0.74,2.09,961.0,17.55,80000.0,10400.0,64.3,15.3,47.0,13.4
95,Lesotho,71.0,LS,Maseru,Unkown,Maseru,English,28.233608,-29.609988,África,607508.0,23.41,13.6,2125268.0,0.41,544.0,2460072444.0,5.2,155.86,2512.0,0.07,16.9,53.7,65.7,10.2,0.7,3.14,266.0,26.81,2000.0,30355.0,77.6,31.6,67.9,1.6
96,Liberia,53.0,LR,Monrovia,Unkown,Monrovia,English,-9.429499,6.428055,África,2548426.0,2.81,46.2,4937374.0,0.17,661.0,3070518100.0,23.6,223.13,1386.0,0.04,19.6,63.7,53.5,11.9,0.8,4.32,231.0,33.04,2000.0,111369.0,28.0,12.9,76.3,43.1
97,Libya,4.0,LY,Unkown,LYD,Unkown,Arabic,17.228331,26.3351,África,5448597.0,18.56,32.6,6777452.0,1.88,72.0,52076250948.0,2.6,125.71,50564.0,2.09,36.7,72.7,10.2,60.5,0.11,2.24,218.0,18.83,0.0,1759540.0,8.7,16.585714285714285,49.7,0.1
98,Liechtenstein,238.0,LI,Vaduz,CHF,Schaan,German,9.520935,47.141039,Europa,5464.0,5.36,21.6,38019.0,1.045,53.0,6552858739.0,2.3,125.08,51.0,1.51,30.9,83.0,13.95,35.6,1.74,1.44,423.0,9.9,31000.0,160.0,32.2,16.585714285714285,62.766285714285715,43.1
99,Lithuania,43.0,LT,Vilnius,EUR,Vilnius,Lithuanian,23.881275,55.169438,Europa,1891013.0,6.35,42.6,2786844.0,2.41,8.0,54219315600.0,2.3,118.38,12963.0,6.35,32.1,75.7,3.3,72.4,1.16,1.63,370.0,10.0,34000.0,65300.0,47.2,16.9,61.6,34.8
100,Luxembourg,242.0,LU,Luxembourg City,EUR,Luxembourg City,Luxembourgish,6.129583,49.815273,Europa,565488.0,5.36,20.4,645397.0,13.05,5.0,71104919108.0,1.7,115.09,8988.0,3.01,10.6,82.1,1.9,19.2,1.19,1.37,352.0,10.3,2000.0,2586.0,53.7,26.5,59.3,35.7
101,Madagascar,48.0,MG,Antananarivo,MGA,Antananarivo,French,46.869107,-18.766947,África,10210849.0,1.76,38.3,26969307.0,0.21,335.0,14083906357.0,5.6,184.33,3905.0,0.18,21.7,66.7,38.2,5.4,1.11,4.08,261.0,32.66,22000.0,587041.0,71.2,10.2,86.1,21.4
102,Malawi,203.0,MW,Lilongwe,MWK,Lilongwe,English,34.301525,-13.254308,África,3199301.0,5.65,34.5,18628747.0,0.12,349.0,7666704427.0,9.4,418.34,1298.0,0.04,11.0,63.8,35.3,0.8,1.15,4.21,265.0,34.12,15000.0,118484.0,61.4,17.3,76.7,33.2
103,Malaysia,99.0,MY,Kuala Lumpur,MYR,Johor Bahru,Malaysian language,101.975766,4.210484,Asia,24475766.0,3.32,38.7,32447385.0,0.93,29.0,364701517788.0,0.7,121.46,248289.0,1.51,36.7,76.0,6.7,45.1,0.45,2.0,60.0,16.75,136000.0,329847.0,26.3,12.0,64.3,67.6
104,Maldives,1.802,MV,Mal�,Unkown,Mal�,Divehi,73.22068,3.202778,Asia,213645.0,6.14,30.2,530953.0,1.045,53.0,5729248472.0,0.2,99.7,1445.0,4.56,16.4,78.6,7.4,31.2,1.63,1.87,960.0,14.2,5000.0,298.0,26.3,19.5,69.8,3.3
105,Mali,17.0,ML,Bamako,XOF,Bamako,French,-3.996166,17.570692,África,8479688.0,7.22,54.5,19658031.0,0.23,562.0,17510141171.0,-1.7,108.73,3179.0,0.13,46.3,58.9,62.0,4.5,1.12,5.88,223.0,41.54,18000.0,1240192.0,33.8,11.6,70.8,3.8
106,Malta,1.38,MT,Valletta,EUR,Birkirkara,Maltese,14.375416,35.937496,Europa,475902.0,3.47,44.0,502653.0,5.07,6.0,14786156563.0,1.6,113.45,1342.0,2.86,37.1,82.3,6.1,54.3,1.36,1.23,356.0,9.2,2000.0,316.0,32.4,26.2,56.5,1.1
107,Marshall Islands,329.0,MH,Majuro,USD,Majuro,Marshallese,171.184478,7.131474,Asia,45514.0,5.36,65.9,58791.0,2.0,53.0,221278000.0,2.3,125.08,143.0,0.42,10.0,65.2,27.4,23.7,1.44,4.05,692.0,29.03,31000.0,181.0,63.9,17.8,62.766285714285715,70.2
108,Mauritania,5.0,MR,Nouakchott,MRU,Nouakchott,Arabic,-10.940835,21.00789,África,2466821.0,9.55,67.0,4525696.0,0.53,766.0,7593752450.0,2.3,135.02,2739.0,0.19,48.2,64.7,51.5,5.0,1.13,4.56,222.0,33.69,21000.0,1030700.0,38.5,16.585714285714285,45.9,0.2
109,Mauritius,626.0,MU,Port Louis,MUR,Port Louis,French,57.552152,-20.348404,África,515980.0,6.67,22.2,1265711.0,0.38,61.0,14180444557.0,0.4,129.91,4349.0,2.53,50.7,74.4,13.6,40.6,1.12,1.41,230.0,10.2,3000.0,2040.0,42.4,19.1,58.3,19.0
110,Mexico,66.0,MX,Mexico City,MXN,Mexico City,Unkown,-102.552784,23.634501,América,102626859.0,3.42,55.1,126014024.0,0.49,33.0,1258286717125.0,3.6,141.54,486406.0,2.38,41.4,75.0,11.0,40.2,0.73,2.13,52.0,17.6,336000.0,1964375.0,54.6,13.1,60.7,33.9
111,Federated States of Micronesia,784.0,FM,Palikir,USD,Palikir,English,150.550812,7.425554,Asia,25963.0,5.36,60.5,113815.0,1.045,88.0,401932279.0,0.5,112.1,143.0,0.18,2.5,67.8,25.6,14.1,0.98,3.05,691.0,22.82,31000.0,702.0,31.4,25.2,62.766285714285715,91.9
112,Moldova,123.0,MD,Chi����,MDL,Chi����,Romanian,28.369885,47.411631,Europa,1135502.0,5.47,38.7,2657637.0,0.31,19.0,11955435457.0,4.8,166.2,5115.0,3.21,46.2,71.8,13.6,39.8,0.8,1.26,373.0,10.1,7000.0,33851.0,74.2,17.7,43.1,12.6
113,Monaco,26.337,MC,Monaco City,EUR,Monaco City,French,7.424616,43.738418,Europa,38964.0,5.36,37.2,38964.0,11.72,53.0,7184844193.0,2.3,125.08,12633.0,6.56,6.1,73.30000000000001,2.6,31.25,2.0,2.24,377.0,5.9,31000.0,2.0,39.5,16.585714285714285,62.766285714285715,31.88823529411765
114,Mongolia,2.0,MN,Ulaanbaatar,MNT,Ulaanbaatar,Mongolian,103.846656,46.862496,Asia,2210626.0,6.01,25.7,3225167.0,0.65,45.0,13852850259.0,7.3,195.76,25368.0,2.86,39.3,69.7,14.0,65.6,0.72,2.9,976.0,24.13,18000.0,1564116.0,71.5,16.8,59.7,8.0
115,Montenegro,47.0,ME,Podgorica,EUR,Podgorica,Montenegrin language,19.37439,42.708678,Europa,417765.0,14.88,22.2,622137.0,1.23,6.0,5494736901.0,2.6,116.32,2017.0,2.76,31.8,76.8,2.3,56.1,1.16,1.75,382.0,11.73,12000.0,13812.0,19.0,16.585714285714285,54.4,61.5
116,Morocco,83.0,MA,Rabat,MAD,Casablanca,Arabic,-7.09262,31.791702,África,22975026.0,9.02,45.8,36910560.0,1.6,70.0,118725279596.0,0.2,111.07,61276.0,0.73,53.1,76.5,19.2,35.9,0.99,2.42,212.0,18.94,246000.0,446550.0,68.5,21.9,45.3,12.6
117,Mozambique,40.0,MZ,Maputo,MZN,Maputo,Portuguese,35.529562,-18.665695,África,11092106.0,3.24,36.1,30366036.0,0.27,289.0,14934159926.0,2.8,182.31,7943.0,0.08,6.8,60.2,54.0,7.3,0.65,4.85,258.0,37.52,11000.0,799380.0,63.5,0.0,78.1,48.0
118,Myanmar,83.0,MM,Naypyidaw,MMK,Yangon,Burmese,95.955974,21.916221,Asia,16674093.0,1.58,31.2,54045420.0,0.39,250.0,76085852617.0,8.8,168.18,25280.0,0.68,73.9,66.9,36.8,18.8,0.54,2.15,95.0,17.55,513000.0,676578.0,19.5,5.4,61.7,43.6
119,Namibia,3.0,Unkown,Windhoek,Unkown,Windhoek,English,18.49041,-22.95764,África,1273258.0,20.27,20.7,2494530.0,1.045,195.0,12366527719.0,3.7,157.97,4228.0,0.42,8.3,63.4,29.0,22.9,0.76,3.4,264.0,28.64,16000.0,824292.0,47.1,27.1,59.5,8.3
120,Nauru,541.0,NR,Yaren District,AUD,Unkown,English,166.931503,-0.522778,Asia,4694702.0,5.36,37.2,10084.0,1.045,53.0,133000000.0,2.3,125.08,12633.0,1.51,30.9,73.30000000000001,13.95,31.25,0.98,2.24,674.0,17.915,31000.0,21.0,39.5,16.585714285714285,62.766285714285715,31.88823529411765
121,Nepal,203.0,NP,Kathmandu,NPR,Kathmandu,Nepali,84.124008,28.394857,Asia,5765513.0,1.41,41.8,28608710.0,0.36,186.0,30641380604.0,5.6,188.73,9105.0,0.75,60.4,70.5,26.7,12.4,0.91,1.92,977.0,19.89,112000.0,147181.0,28.7,20.7,83.8,25.4
122,Netherlands,508.0,NL,Amsterdam,Unkown,Amsterdam,Dutch,5.291266,52.132633,Europa,15924729.0,3.2,41.2,17332850.0,10.29,5.0,909070395161.0,2.6,115.91,170780.0,3.61,12.3,81.8,3.3,85.0,1.68,1.59,31.0,9.7,41000.0,41543.0,53.3,23.0,63.6,11.2
123,New Zealand,18.0,NZ,Wellington,NZD,Auckland,English,174.885971,-40.900557,Oceanía,4258860.0,4.07,34.6,4841000.0,11.49,9.0,206928765544.0,1.6,114.24,34382.0,3.59,12.6,81.9,4.7,82.0,1.4,1.71,64.0,11.98,9000.0,268838.0,40.5,29.0,69.9,38.6
124,Nicaragua,55.0,NI,Managua,NIO,Managua,Spanish,-85.207229,12.865416,América,3846137.0,6.84,60.6,6545502.0,0.54,98.0,12520915291.0,5.4,162.74,5592.0,0.98,36.0,74.3,15.7,17.4,0.91,2.4,505.0,20.64,12000.0,130370.0,42.1,15.6,66.4,25.9
125,Niger,19.0,NE,Niamey,XOF,Niamey,French,8.081666,17.607789,África,3850231.0,0.47,47.2,23310715.0,0.29,509.0,12928145120.0,-2.5,109.32,2017.0,0.04,52.3,62.0,48.0,4.4,0.88,6.91,227.0,46.08,10000.0,1267000.0,36.1,11.8,72.0,0.9
126,Nigeria,226.0,NG,Abuja,NGN,Lagos,English,8.675277,9.081999,África,102806948.0,8.1,34.8,200963599.0,0.54,917.0,448120428859.0,11.4,267.51,120369.0,0.38,72.2,54.3,75.7,10.2,0.46,5.39,234.0,37.91,215000.0,923768.0,77.7,1.5,52.9,7.2
127,North Korea,214.0,KP,Pyongyang,KPW,Pyongyang,Korean,127.510093,40.339852,Asia,15947412.0,2.74,37.2,25666161.0,1.045,89.0,32100000000.0,2.3,125.08,28284.0,3.67,30.9,72.1,13.7,27.0,0.58,1.9,850.0,13.89,1469000.0,120538.0,21.8,16.585714285714285,80.4,40.7
128,North Macedonia,83.0,Unkown,Skopje,MKD,Skopje,Macedonian,21.745275,41.608635,Europa,4694702.0,5.36,37.2,1836713.0,1.045,53.0,10220781069.0,2.3,125.08,12633.0,1.51,35.6,73.30000000000001,13.95,31.25,0.98,2.24,389.0,17.915,31000.0,25713.0,39.5,16.585714285714285,62.766285714285715,31.88823529411765
129,Norway,15.0,NO,Oslo,NOK,Oslo,Norwegian,8.468946,60.472024,Europa,4418218.0,3.35,36.2,5347896.0,1.045,2.0,403336363636.0,2.2,120.27,41023.0,2.92,14.3,82.8,2.1,82.0,1.78,1.56,47.0,10.4,23000.0,323802.0,2.7,23.9,63.8,33.2
130,Oman,16.0,OM,Muscat,OMR,Seeb,Arabic,55.975413,21.473533,Asia,4250777.0,2.67,27.4,5266535.0,4.33,19.0,76983094928.0,0.1,113.53,63457.0,2.0,6.4,77.6,9.8,38.0,0.45,2.89,968.0,19.19,47000.0,309500.0,4.6,2.5,72.4,0.0
131,Pakistan,287.0,PK,Islamabad,PKR,Karachi,Urdu,69.345116,30.375321,Asia,79927762.0,4.45,33.9,216565318.0,0.69,140.0,304400000000.0,10.6,182.32,201150.0,0.98,66.5,67.1,57.2,9.0,0.79,3.51,92.0,28.25,936000.0,796095.0,47.8,9.2,52.6,1.9
132,Palau,39.0,PW,Ngerulmud,USD,Koror,English,134.58252,7.51498,Asia,14491.0,5.36,76.6,18233.0,3.0,53.0,283994900.0,1.3,118.17,224.0,1.18,21.8,69.1,16.6,54.7,0.98,2.21,680.0,14.0,31000.0,459.0,10.9,21.3,62.766285714285715,87.6
133,Palestinian National Authority,847.0,Unkown,Unkown,Unkown,Unkown,Arabic,35.233154,31.952162,Asia,4694702.0,5.36,37.2,8877067.0,1.045,53.0,36266259213.0,2.3,125.08,12633.0,1.51,30.9,73.30000000000001,13.95,31.25,0.98,2.24,256.0,17.915,31000.0,120538.0,39.5,16.585714285714285,62.766285714285715,31.88823529411765
134,Panama,58.0,PA,Panama City,Unkown,Panama City,Spanish,-80.782127,8.537981,América,2890084.0,3.9,37.2,4246439.0,1.53,52.0,66800800000.0,-0.4,122.07,10715.0,1.57,30.5,78.3,13.1,47.8,0.74,2.46,507.0,18.98,26000.0,75420.0,30.4,16.585714285714285,66.6,61.9
135,Papua New Guinea,20.0,PG,Port Moresby,PGK,Port Moresby,Tok Pisin,143.95555,-6.314993,Asia,1162834.0,2.46,37.1,8776109.0,1.16,145.0,24969611435.0,3.6,155.99,7536.0,0.07,5.8,64.3,38.0,1.8,1.36,3.56,675.0,27.07,4000.0,462840.0,2.6,13.6,47.2,74.1
136,Paraguay,18.0,PY,Asunci��,PYG,Ciudad del Este,Spanish,-58.443832,-23.442503,América,4359150.0,4.81,35.0,7044636.0,1.55,129.0,38145288940.0,2.8,143.82,7407.0,1.35,36.5,74.1,17.2,34.6,1.04,2.43,595.0,20.57,27000.0,406752.0,55.1,10.0,72.1,37.7
137,Peru,26.0,PE,Lima,PEN,Lima,Spanish,-75.015152,-9.189967,América,25390339.0,3.31,36.8,32510453.0,1.28,88.0,226848050820.0,2.1,129.78,57414.0,1.27,30.9,76.5,11.1,70.7,0.99,2.25,51.0,17.95,158000.0,1285216.0,18.5,14.3,77.6,57.7
138,Philippines,368.0,PH,Manila,PHP,Manila,English,121.774017,12.879721,Asia,50975903.0,2.15,43.1,108116615.0,1.12,121.0,376795508680.0,2.5,129.61,122287.0,0.6,53.5,71.1,22.5,35.5,0.86,2.58,63.0,20.55,153000.0,300000.0,41.7,14.0,59.6,27.8
139,Poland,124.0,PL,Warsaw,PLN,Warsaw,Polish,19.145136,51.919438,Europa,22796574.0,3.47,40.8,37970874.0,2.93,2.0,592164400688.0,2.2,114.11,299037.0,2.38,23.2,77.6,3.8,67.8,1.07,1.46,48.0,10.2,191000.0,312685.0,46.9,17.4,56.7,30.9
140,Portugal,111.0,PT,Lisbon,EUR,Lisbon,Portuguese,-8.224454,39.399872,Europa,6753579.0,6.33,39.8,10269417.0,3.78,8.0,237686075635.0,0.3,110.62,48742.0,5.12,27.7,81.3,3.1,63.9,1.54,1.38,351.0,8.5,52000.0,92212.0,39.5,22.8,58.8,34.6
141,Qatar,248.0,QA,Doha,QAR,Doha,Arabic,51.183884,25.354826,Asia,2809071.0,0.09,11.3,2832067.0,1.045,9.0,183466208791.0,-0.7,115.38,103259.0,2.49,6.2,80.1,5.8,17.9,0.4,1.87,974.0,9.54,22000.0,11586.0,5.8,14.7,86.8,0.0
142,Romania,84.0,RO,Bucharest,RON,Bucharest,Romanian,24.96676,45.943161,Europa,10468793.0,3.98,20.0,19356544.0,2.25,19.0,250077444017.0,3.8,123.78,69259.0,2.98,21.3,75.4,6.1,49.4,1.16,1.71,40.0,9.6,126000.0,238391.0,58.8,14.6,54.7,30.1
143,Russia,9.0,RU,Moscow,RUB,Moscow,Russian,105.318756,61.52401,Asia,107683889.0,4.59,46.2,144373535.0,0.53,17.0,1699876578871.0,4.5,180.75,1732027.0,4.01,36.4,72.7,6.1,81.9,0.59,1.57,7.0,11.5,1454000.0,17098240.0,13.3,11.4,61.8,49.8
144,Rwanda,525.0,RW,Kigali,RWF,Kigali,Swahili,29.873888,-1.940278,África,2186104.0,1.03,33.2,12626950.0,1.045,248.0,10122472590.0,3.4,151.09,1115.0,0.13,26.0,68.7,27.0,6.7,1.17,4.04,250.0,31.7,35000.0,26338.0,73.4,14.3,83.7,19.7
145,Saint Kitts and Nevis,205.0,KN,Basseterre,XCD,Basseterre,English,-62.782998,17.357822,América,16269.0,5.36,49.7,52823.0,3.33,53.0,1050992593.0,-1.0,104.57,238.0,2.52,56.6,71.3,9.8,86.7,0.98,2.11,1.0,12.6,31000.0,261.0,23.1,18.5,62.766285714285715,42.3
146,Saint Lucia,301.0,LC,Castries,XCD,Castries,English,-60.978893,13.909444,América,34280.0,20.71,34.7,182790.0,1.045,117.0,2122450630.0,1.9,110.13,414.0,0.64,48.4,76.1,14.9,14.1,1.3,1.44,1.0,12.0,31000.0,616.0,17.4,18.2,67.1,33.2
147,Saint Vincent and the Grenadines,284.0,VC,Kingstown,XCD,Calliaqua,English,-61.287228,12.984305,América,58185.0,18.88,37.0,100455.0,1.16,68.0,825385185.0,2.3,109.67,220.0,0.66,21.4,72.4,14.8,23.7,0.98,1.89,1.0,14.24,31000.0,389.0,25.6,25.4,65.9,69.2
148,Samoa,70.0,WS,Apia,WST,Apia,Samoan,-172.104629,-13.759029,Oceanía,35588.0,8.36,19.3,202506.0,0.78,43.0,850655017.0,1.0,117.56,246.0,0.34,11.5,73.2,13.6,7.6,0.91,3.88,685.0,24.38,31000.0,2831.0,12.4,25.5,43.7,60.4
149,San Marino,566.0,SM,City of San Marino,EUR,City of San Marino,Italian,12.457777,43.94236,Europa,32969.0,5.36,36.2,33860.0,1.045,53.0,1637931034.0,1.0,110.63,12633.0,6.11,18.3,85.4,1.7,42.5,0.98,1.26,378.0,6.8,31000.0,61.0,16.7,18.1,62.766285714285715,0.0
150,Saudi Arabia,16.0,SA,Riyadh,SAR,Riyadh,Arabic,45.079162,23.885942,Asia,28807838.0,5.93,15.7,34268528.0,3.85,17.0,792966838162.0,-1.2,118.4,563449.0,2.61,15.0,75.0,6.0,68.0,0.24,2.32,966.0,17.8,252000.0,2149690.0,80.8,8.9,55.9,0.5
151,Senegal,87.0,SN,Dakar,XOF,Pikine,French,-14.452362,14.497401,África,7765706.0,6.6,44.8,16296364.0,0.31,315.0,23578084052.0,1.8,109.25,10902.0,0.07,44.2,67.7,31.8,12.8,1.14,4.63,221.0,34.52,19000.0,196722.0,46.1,16.3,45.7,42.8
152,Serbia,100.0,RS,Belgrade,RSD,Belgrade,Serbian,21.005859,44.016521,Europa,3907243.0,12.69,36.6,6944975.0,1.57,12.0,51409167351.0,1.8,144.0,45221.0,3.11,40.6,75.5,4.8,67.2,1.16,1.49,381.0,9.2,32000.0,77474.0,39.3,18.6,54.9,31.1
153,Seychelles,214.0,SC,"Victoria, Seychelles",SCR,"Victoria, Seychelles",French,55.491977,-4.679574,África,55762.0,5.36,30.1,97625.0,2.0,53.0,1698843063.0,1.8,129.96,605.0,0.95,2.5,72.8,12.4,17.1,0.98,2.41,248.0,17.1,0.0,455.0,3.4,34.1,62.766285714285715,88.4
154,Sierra Leone,111.0,SL,Freetown,SLL,Freetown,English,-11.779889,8.460555,África,3319366.0,4.43,30.7,7813215.0,0.57,1120.0,3941474311.0,14.8,234.16,1093.0,0.03,38.2,54.3,78.5,2.0,1.08,4.26,232.0,33.41,9000.0,71740.0,54.7,8.6,57.9,43.1
155,Singapore,8.358,SG,Unkown,SGD,Unkown,Malay,103.819836,1.352083,Asia,5703569.0,4.11,21.0,5703569.0,1.045,8.0,372062527489.0,0.6,114.41,37535.0,2.29,36.7,83.1,2.3,84.8,1.25,1.14,65.0,8.8,81000.0,716.0,0.9,13.1,70.5,23.1
156,Slovakia,114.0,SK,Bratislava,EUR,Bratislava,Slovak,19.699024,48.669026,Europa,2930419.0,5.56,49.7,5454073.0,3.11,5.0,105422304976.0,2.7,115.34,32424.0,3.42,18.4,77.2,4.6,46.6,1.32,1.52,421.0,10.6,16000.0,49035.0,39.2,18.7,59.5,40.4
157,Slovenia,103.0,SI,Ljubljana,EUR,Ljubljana,Slovene language,14.995463,46.151241,Europa,1144654.0,4.2,31.0,2087946.0,5.25,7.0,53742159517.0,1.6,111.05,12633.0,3.09,12.5,81.0,1.7,78.6,1.32,1.6,386.0,9.4,7000.0,20273.0,30.7,18.6,58.4,62.0
158,Solomon Islands,25.0,SB,Honiara,SBD,Honiara,English,160.156194,-9.64571,Asia,162164.0,0.58,32.0,669823.0,0.4,104.0,1425074226.0,1.6,133.06,169.0,0.19,3.3,72.8,17.1,31.25,0.98,4.4,677.0,32.44,31000.0,28896.0,3.9,29.5,83.8,77.9
159,Somalia,25.0,SO,Mogadishu,SOS,Bosaso,Arabic,46.199616,5.152149,África,7034861.0,11.35,37.2,15442905.0,1.045,829.0,4720727278.0,2.3,125.08,645.0,0.02,30.9,57.1,76.6,2.5,1.41,6.07,252.0,41.75,20000.0,637657.0,70.3,0.0,47.4,10.0
160,South Africa,49.0,ZA,Pretoria,ZAR,Johannesburg,Afrikaans,22.937506,-30.559482,África,39149717.0,28.18,29.2,58558270.0,1.045,119.0,351431649241.0,4.1,158.93,476644.0,0.91,7.7,63.9,28.5,22.4,0.92,2.41,27.0,20.51,80000.0,1219090.0,79.8,27.5,56.0,7.6
161,South Korea,527.0,KR,Seoul,KRW,Seoul,Korean,127.766922,35.907757,Asia,42106719.0,4.15,33.2,51709098.0,6.49,11.0,2029000000000.0,0.4,115.16,620302.0,2.36,36.8,82.6,2.7,94.3,1.22,0.98,82.0,6.4,634000.0,99720.0,17.4,15.6,63.0,63.4
162,South Sudan,18.0,SS,Juba,SSP,Juba,English,31.306979,6.876992,África,2201250.0,12.24,31.4,11062113.0,1.045,1150.0,11997800751.0,187.9,4583.71,1727.0,1.51,61.3,57.6,63.7,31.25,0.28,4.7,211.0,35.01,185000.0,644329.0,39.5,16.585714285714285,72.4,31.88823529411765
163,Spain,94.0,ES,Madrid,EUR,Madrid,Spanish,-3.74922,40.463667,Europa,37927409.0,13.96,47.0,47076781.0,5.6,4.0,1394116310769.0,0.7,110.96,244002.0,3.87,24.2,83.3,2.5,88.9,1.26,1.26,34.0,7.9,196000.0,505370.0,52.6,14.2,57.5,36.9
164,Sri Lanka,341.0,LK,Colombo,LKR,Colombo,Tamil,80.771797,7.873054,Asia,4052088.0,4.2,55.2,21803000.0,0.35,36.0,84008783756.0,3.5,155.53,23362.0,1.0,38.4,76.8,6.4,19.6,0.88,2.2,94.0,15.83,317000.0,65610.0,43.7,11.9,53.9,32.9
165,Sudan,25.0,SD,Khartoum,SDG,Omdurman,Arabic,30.217636,12.862807,África,14957233.0,16.53,45.4,42813238.0,0.41,295.0,18902284476.0,51.0,1344.19,20000.0,0.26,63.2,65.1,42.1,16.9,0.95,4.41,249.0,32.18,124000.0,1861484.0,28.7,8.0,48.4,8.1
166,Suriname,4.0,SR,Paramaribo,SRD,Paramaribo,Dutch,-56.027783,3.919305,América,384258.0,7.33,27.9,581372.0,1.045,120.0,3985250737.0,22.0,294.66,1738.0,1.21,10.1,71.6,16.9,12.6,1.29,2.42,597.0,18.54,2000.0,163820.0,0.6,19.5,51.1,98.3
167,Sweden,25.0,SE,Stockholm,SEK,S�����,Swedish,18.643501,60.128161,Europa,9021165.0,6.48,49.1,10285453.0,1.045,4.0,530832908738.0,1.8,110.51,43252.0,3.98,15.2,82.5,2.2,67.0,1.42,1.76,46.0,11.4,30000.0,450295.0,7.4,27.9,64.6,68.9
168,Switzerland,219.0,CH,Bern,CHF,Z���,German,8.227512,46.818188,Europa,6332428.0,4.58,28.8,8574832.0,1.045,5.0,703082435360.0,0.4,99.55,34477.0,4.3,28.3,83.6,3.7,59.6,1.45,1.52,41.0,10.0,21000.0,41277.0,38.4,10.1,68.3,31.8
169,Syria,95.0,SY,Damascus,SYP,Damascus,Arabic,38.996815,34.802075,Asia,9358019.0,8.37,42.7,17070135.0,1.02,31.0,40405006007.0,36.7,143.2,28830.0,1.22,53.7,71.8,14.0,40.1,0.83,2.81,963.0,23.69,239000.0,185180.0,75.8,14.2,44.1,2.7
170,Tajikistan,68.0,TJ,Dushanbe,TJS,Dushanbe,Persian,71.276093,38.861034,Asia,2545477.0,11.02,67.3,9321018.0,0.23,17.0,8116626794.0,6.0,148.57,5310.0,1.7,63.1,70.9,30.4,31.3,0.71,3.59,992.0,30.76,17000.0,144100.0,34.1,9.8,42.0,3.0
171,Tanzania,67.0,TZ,Dodoma,TZS,Dar es Salaam,Swahili,34.888822,-6.369028,África,20011885.0,1.98,43.8,58005463.0,0.09,524.0,63177068175.0,3.5,187.43,11973.0,0.01,26.1,65.0,37.6,4.0,0.87,4.89,255.0,36.7,28000.0,947300.0,44.8,11.5,83.4,51.6
172,Thailand,137.0,TH,Bangkok,THB,Bangkok,Thai,100.992541,15.870032,Asia,35294600.0,0.75,29.5,69625582.0,1.06,37.0,543649976166.0,0.7,113.27,283763.0,0.81,11.8,76.9,7.8,49.3,0.71,1.53,66.0,10.34,455000.0,513120.0,43.3,14.9,67.3,32.2
173,East Timor,89.0,TL,Dili,USD,Dili,Portuguese,125.727539,-8.874217,Asia,400182.0,4.55,17.3,3500000.0,0.6,142.0,1673540300.0,2.6,145.38,495.0,0.72,10.2,69.3,39.3,17.8,1.1,4.02,670.0,29.42,2000.0,14874.0,25.6,25.0,67.3,45.4
174,Togo,152.0,TG,Lom�,XOF,Lom�,French,0.824782,8.619543,África,3414638.0,2.04,48.2,8082366.0,0.34,396.0,5459979417.0,0.7,113.3,3000.0,0.08,51.0,60.8,47.4,14.5,0.71,4.32,228.0,33.11,10000.0,56785.0,70.2,16.9,77.6,3.1
175,Tonga,147.0,TO,Nuku����,TOP,Nuku����,Tongan Language,-175.198242,-21.178986,Oceanía,24145.0,1.12,27.5,100209.0,1.045,52.0,450353314.0,7.4,121.09,128.0,0.52,10.2,70.8,13.4,6.4,0.98,3.56,676.0,24.3,31000.0,747.0,45.8,22.3,59.8,12.5
176,Trinidad and Tobago,273.0,TT,Port of Spain,TTD,Chaguanas,English,-61.222503,10.691803,América,741944.0,2.69,40.5,1394973.0,2.25,67.0,24100202834.0,1.0,141.75,43868.0,4.17,37.3,73.4,16.4,12.0,0.54,1.73,1.0,12.94,4000.0,5128.0,10.5,19.5,60.0,46.0
177,Tunisia,76.0,TN,Tunis,TND,Tunis,Arabic,9.537499,33.886917,África,8099061.0,16.02,60.7,11694719.0,0.47,43.0,38797709924.0,6.7,155.33,29937.0,1.3,39.8,76.5,14.6,31.7,0.73,2.2,216.0,17.56,48000.0,163610.0,64.8,21.1,46.1,6.8
178,Turkey,110.0,TR,Ankara,TRY,Istanbul,Turkish,35.243322,38.963745,Europa,63097818.0,13.49,42.3,83429615.0,3.45,17.0,754411708203.0,15.2,234.44,372725.0,1.85,16.9,77.4,9.1,23.9,1.42,2.07,90.0,16.03,512000.0,783562.0,49.8,17.9,52.8,15.4
179,Turkmenistan,13.0,TM,Ashgabat,TMT,Ashgabat,Turkmen,59.556278,38.969719,Europa,3092738.0,3.91,37.2,5942089.0,0.88,7.0,40761142857.0,2.3,125.08,70630.0,2.22,71.1,68.1,39.3,8.0,0.29,2.79,993.0,23.83,42000.0,488100.0,72.0,16.585714285714285,64.5,8.8
180,Tuvalu,393.0,TV,Funafuti,AUD,Singapore,Tuvaluan Language,177.64933,-7.109535,Asia,7362.0,5.36,37.2,11646.0,1.045,53.0,47271463.0,2.3,125.08,11.0,0.92,0.7,73.30000000000001,20.6,31.25,0.98,2.24,688.0,17.915,31000.0,26.0,60.0,16.585714285714285,62.766285714285715,33.3
181,Uganda,229.0,UG,Kampala,UGX,Buganda,Swahili,32.290275,1.373333,África,10784516.0,1.84,33.7,44269594.0,0.01,375.0,34387229486.0,2.9,173.87,5680.0,0.17,40.5,63.0,33.8,4.8,0.94,4.96,256.0,38.14,46000.0,241038.0,71.9,11.7,70.3,9.7
182,Ukraine,75.0,UA,Kyiv,UAH,Kyiv,Ukrainian,31.16558,48.379433,Europa,30835699.0,8.88,45.2,44385155.0,0.84,19.0,153781069118.0,7.9,281.66,202250.0,2.99,47.8,71.6,7.5,82.7,0.83,1.3,380.0,8.7,297000.0,603550.0,71.7,20.1,54.2,16.7
183,United Arab Emirates,118.0,AE,Abu Dhabi,AED,Dubai,Arabic,53.847818,23.424076,Asia,8479744.0,2.35,15.9,9770529.0,1.045,3.0,421142267938.0,-1.9,114.52,206324.0,2.53,17.8,77.8,6.5,36.8,0.49,1.41,971.0,10.33,63000.0,83600.0,5.5,0.1,82.1,4.6
184,United Kingdom,281.0,GB,London,GBP,London,English,-3.435973,55.378051,Europa,55908316.0,3.85,30.6,66834405.0,10.13,7.0,2827113184696.0,1.7,119.62,379025.0,2.81,14.8,81.3,3.6,60.0,1.46,1.68,44.0,11.0,148000.0,243610.0,71.7,25.5,62.8,13.1
185,United States,36.0,US,"Washington, D.C.",USD,New York City,Unkown,-95.712891,37.09024,América,270663028.0,14.7,36.6,328239523.0,7.25,19.0,21427700000000.0,7.5,117.24,5006302.0,2.61,11.1,78.5,5.6,88.2,0.71,1.73,1.0,11.6,1359000.0,9833517.0,44.4,9.6,62.0,33.9
186,Uruguay,20.0,UY,Montevideo,UYU,Montevideo,Spanish,-55.765835,-32.522779,América,3303394.0,8.73,41.8,3461734.0,1.66,17.0,56045912952.0,7.9,202.92,6766.0,5.05,16.2,77.8,6.4,63.1,1.5,1.97,598.0,13.86,22000.0,176215.0,82.6,20.1,64.0,10.7
187,Uzbekistan,79.0,UZ,Tashkent,UZS,Tashkent,Uzbek,64.585262,41.377491,Asia,16935729.0,5.92,31.6,33580650.0,0.24,29.0,57921286440.0,2.3,125.08,91811.0,2.37,42.7,71.6,19.1,10.1,1.03,2.42,998.0,23.3,68000.0,447400.0,62.9,14.8,65.1,7.5
188,Vanuatu,25.0,VU,Port Vila,VUV,Port Vila,French,166.959158,-15.376706,Oceanía,76152.0,4.39,8.5,299882.0,1.56,72.0,917058851.0,2.8,117.13,147.0,0.17,8.9,70.3,22.3,4.7,1.31,3.78,678.0,29.6,31000.0,12189.0,15.3,17.8,69.9,36.1
189,Venezuela,32.0,VE,Caracas,VED,Caracas,Spanish,-66.58973,6.42375,América,25162368.0,8.8,73.3,28515829.0,0.01,125.0,482359318768.0,254.9,2740.27,164175.0,1.92,45.8,72.1,21.4,79.3,0.0,2.27,58.0,17.88,343000.0,912050.0,24.5,16.585714285714285,59.7,52.7
190,Vietnam,314.0,VN,Hanoi,VND,Ho Chi Minh City,Vietnamese,108.277199,14.058324,Asia,35332140.0,2.01,37.6,96462106.0,0.73,43.0,261921244843.0,2.8,163.52,192668.0,0.82,43.5,75.3,16.5,28.5,0.8,2.05,84.0,16.75,522000.0,331210.0,39.3,19.1,77.4,48.1
191,Yemen,56.0,YE,Sanaa,YER,Sanaa,Arabic,48.516388,15.552727,África,10869523.0,12.91,26.6,29161922.0,1.045,164.0,26914402224.0,8.1,157.58,10609.0,0.31,81.0,66.1,42.9,10.2,0.92,3.79,967.0,30.45,40000.0,527968.0,44.6,16.585714285714285,38.0,1.0
192,Zambia,25.0,ZM,Lusaka,ZMW,Lusaka,English,27.849332,-13.133897,África,7871713.0,11.43,15.6,17861030.0,0.24,213.0,23064722446.0,9.2,212.31,5141.0,1.19,27.5,63.5,40.4,4.1,1.4,4.63,260.0,36.19,16000.0,752618.0,32.1,16.2,74.6,65.2
193,Zimbabwe,38.0,ZW,Harare,Unkown,Harare,Shona,29.154857,-19.015438,África,4717305.0,4.95,31.6,14645468.0,1.045,458.0,21440758800.0,0.9,105.51,10983.0,0.21,25.8,61.2,33.9,10.0,1.34,3.62,263.0,30.68,51000.0,390757.0,41.9,20.7,83.1,35.5
